id,city,type,squareMeters,rooms,floor,floorCount,buildYear,latitude,longitude,centreDistance,poiCount,schoolDistance,clinicDistance,postOfficeDistance,kindergartenDistance,restaurantDistance,collegeDistance,pharmacyDistance,ownership,buildingMaterial,condition,hasParkingSpace,hasBalcony,hasElevator,hasSecurity,hasStorageRoom,price
d2b2f71243dad3801279697103afe1e7,krakow,apartmentBuilding,43.0,2.0,,,2022.0,50.069738,19.8948466,3.5,6.0,0.511,0.418,0.731,0.457,0.115,0.351,0.411,condominium,brick,premium,yes,no,yes,no,no,2990
ce66ccbdeb1eaa437b3a3fc0b685a0af,czestochowa,blockOfFlats,55.0,2.0,2.0,3.0,,50.8041,19.1292,0.93,4.0,0.278,1.486,0.772,0.749,0.822,1.296,0.416,condominium,brick,,no,yes,no,yes,yes,1500
63365b2f2d9c8786ad037ec935ab0b33,lodz,blockOfFlats,47.0,2.0,4.0,4.0,,51.8211,19.4419,4.49,12.0,0.336,0.423,0.165,0.19,0.058,3.388,0.125,condominium,,,no,yes,no,no,yes,1950
05691cd8075358dde86d42f5df32fd84,warszawa,blockOfFlats,36.7,2.0,10.0,10.0,2016.0,52.275537,20.963588,5.58,18.0,0.297,0.501,0.119,0.191,0.091,0.536,0.096,condominium,,,yes,yes,yes,no,no,3150
18cdc56843ac5bd5dfaeb3290bc6c50f,warszawa,apartmentBuilding,49.0,2.0,,15.0,2014.0,52.26008,20.97677,3.64,30.0,0.096,0.24,0.339,0.111,0.049,0.285,0.005,condominium,brick,,no,yes,yes,no,no,3300
3d352e24759d36106538d1e87f616a0f,poznan,blockOfFlats,37.0,2.0,4.0,4.0,2020.0,52.4454,16.8963,4.95,6.0,0.776,0.579,0.424,0.359,0.354,1.752,0.386,condominium,,,yes,yes,yes,yes,yes,2300
97804bd9f35e2ff54370fe306c27b3fb,gdynia,,84.0,4.0,,,,54.51972222,18.53916667,0.15,75.0,0.379,0.937,0.028,0.29,0.059,0.501,0.144,condominium,,,no,no,,no,no,2900
8b53241b2d4615c3cbc30eab22c5b87f,warszawa,blockOfFlats,44.0,2.0,8.0,15.0,1978.0,52.27370145,20.93007564,6.84,19.0,0.153,0.519,0.522,0.064,0.313,0.759,0.064,condominium,concreteSlab,premium,no,yes,yes,no,no,3500
07e16f55f934c07d889aa6128650e75b,wroclaw,blockOfFlats,62.0,3.0,2.0,7.0,2006.0,51.1119683,16.9526601,5.39,15.0,0.21,2.739,0.533,0.453,0.469,0.555,0.192,condominium,,,no,yes,yes,no,no,3400
dc8a54ca1c5bdaaaed85b1314bbb198e,krakow,,44.0,2.0,5.0,5.0,2022.0,50.0705105,19.95135479,1.93,21.0,0.345,0.515,0.488,0.664,0.179,0.994,0.307,condominium,,premium,no,yes,yes,no,no,4500
9038ebf68d0fa46bd53d3f9e1c3fd73b,warszawa,,45.0,2.0,2.0,5.0,,52.21975,21.02222,1.84,50.0,0.045,0.304,0.266,0.073,0.095,0.753,0.253,condominium,,,no,yes,no,no,no,6000
ad8bf2c7aed7955f27d15185aaae26cd,warszawa,blockOfFlats,38.0,2.0,9.0,10.0,1970.0,52.2248,21.0386,2.51,23.0,0.096,1.384,0.716,0.317,0.237,1.048,0.136,condominium,concreteSlab,premium,no,no,yes,no,no,2496
d1afe649fa37ef75e7252400789d4f9b,katowice,,68.0,3.0,,4.0,2021.0,50.23966,19.01192,2.26,4.0,1.225,0.147,1.281,0.336,0.603,1.256,0.446,condominium,,,no,no,no,no,no,3500
c58745bf8504ea17a16f4f9f7f197cee,warszawa,,74.0,3.0,1.0,7.0,,52.24342,20.96258,3.08,20.0,0.193,0.567,0.545,0.069,0.041,1.335,0.04,condominium,,,no,no,yes,no,no,4900
59bca113ba15b25100561478e8c47909,warszawa,apartmentBuilding,72.0,3.0,7.0,12.0,2018.0,52.23225,20.9785,1.71,35.0,0.247,0.407,0.812,0.148,0.1,1.524,0.096,condominium,brick,,yes,yes,yes,no,no,6900
d92e5a84370b0f4f65ac3fea60dd09e1,krakow,blockOfFlats,50.0,2.0,1.0,2.0,2008.0,50.1012457,19.9099308,5.5,2.0,0.69,1.624,1.625,0.575,1.217,2.428,0.374,condominium,,premium,yes,yes,no,no,no,2000
49fb9b6d8ae69694dd69eac51a5314eb,warszawa,blockOfFlats,47.0,3.0,8.0,10.0,1975.0,52.2010249,21.0273894,3.78,27.0,0.384,0.158,0.151,0.296,0.109,1.119,0.231,condominium,concreteSlab,,no,yes,yes,no,yes,3800
c8d5e784b77cfdd55e75ba9c693765a2,poznan,blockOfFlats,44.9,2.0,2.0,6.0,2012.0,52.46247,16.92753,6.09,1.0,0.746,1.01,0.622,0.817,0.408,4.568,0.504,condominium,,,no,yes,yes,yes,no,2700
71c0d3f5a5b753725fe798411e19c634,warszawa,blockOfFlats,35.0,2.0,5.0,6.0,2023.0,52.2,20.9444,5.36,2.0,0.874,0.869,0.781,0.558,0.485,2.243,0.459,condominium,,premium,yes,yes,yes,yes,no,3300
b057b53879eb9b295e0cafc6a409f72d,warszawa,,51.5,2.0,5.0,7.0,,52.22896,21.07988,5.21,25.0,0.06,0.824,0.079,0.075,0.093,0.802,0.137,condominium,,,no,yes,no,no,no,4000
8b78fcb490acfa43e4ac6af5d2f3ba01,warszawa,apartmentBuilding,120.0,4.0,10.0,11.0,2006.0,52.1902,20.9885,4.73,17.0,0.53,0.607,0.249,0.164,0.135,1.037,0.232,condominium,brick,,yes,yes,yes,no,no,7100
843cee58da1f46690d41980927fd1eb2,krakow,blockOfFlats,35.0,2.0,,5.0,2023.0,50.1021,19.9578,5.38,5.0,0.417,1.076,0.524,0.109,0.29,2.865,0.496,condominium,,,yes,no,yes,no,no,2900
9d6ffdbd29776f22a41a970b9a81a674,gdansk,blockOfFlats,42.0,2.0,1.0,4.0,2022.0,54.33019,18.56041,6.46,9.0,0.628,2.065,0.356,0.174,0.337,2.623,0.226,condominium,,,no,yes,yes,no,yes,2900
973dfc3dfe1124e9e164b4b579c2576d,krakow,blockOfFlats,56.0,2.0,3.0,4.0,2003.0,50.1003,19.9675,5.42,6.0,0.303,1.164,0.559,0.282,0.381,2.648,0.136,condominium,brick,,yes,yes,no,no,no,2500
1052278108777c37f5a825babf54ce5c,poznan,apartmentBuilding,50.0,2.0,2.0,4.0,2022.0,52.3921,16.9671,2.77,4.0,0.371,0.764,0.512,0.218,0.546,2.292,0.543,condominium,brick,,yes,yes,yes,no,no,1899
efcc19ec0c930cf451d12c0ba9ed1f36,katowice,blockOfFlats,43.0,2.0,1.0,10.0,1980.0,50.24828855,19.03095362,1.47,14.0,0.358,0.364,0.113,0.2,0.062,0.963,0.081,condominium,,,yes,yes,yes,no,yes,1800
bc83b0949f95dda56b6d479ea842aeb2,krakow,apartmentBuilding,87.0,4.0,2.0,4.0,2021.0,50.05041546,19.92602348,1.04,21.0,0.117,0.595,0.118,0.147,0.055,0.915,0.105,condominium,brick,premium,yes,yes,yes,no,no,6500
3fe25a157120ba64779e649d2cf7168f,wroclaw,blockOfFlats,50.0,2.0,8.0,8.0,2021.0,51.1311252,16.9897816,3.6,4.0,0.365,0.405,0.514,0.08,0.17,0.603,0.563,condominium,brick,premium,yes,yes,yes,no,no,3600
e691cea2f2c023f7f4e3176509e97e68,gdansk,apartmentBuilding,52.0,2.0,3.0,3.0,,54.4268444,18.5963633,9.4,3.0,0.814,0.988,1.188,0.664,0.083,1.95,0.999,condominium,brick,premium,yes,yes,yes,no,no,5000
94ef28dbf7f42f0ceb6483bc8b64b7c6,wroclaw,apartmentBuilding,54.0,2.0,3.0,6.0,,51.101,16.9989,2.41,4.0,0.548,1.417,0.665,0.162,0.69,1.151,0.516,condominium,brick,,yes,yes,yes,no,no,2700
f1a1ddc3d78da2c5986a74528b477305,warszawa,apartmentBuilding,100.0,4.0,8.0,9.0,2019.0,52.26534,20.94426,5.5,7.0,0.607,1.228,0.603,0.106,0.124,1.057,0.338,condominium,brick,,no,no,no,yes,no,8500
e98c2275ff26ea9f84b4f0cf5cc9e636,lodz,blockOfFlats,38.0,2.0,3.0,4.0,1965.0,51.7864,19.4446,0.89,17.0,0.238,0.702,0.303,0.08,0.154,0.147,0.122,condominium,brick,,no,yes,no,no,no,1200
a90daf771eb360100ee3dfce2d95a78b,rzeszow,,38.0,2.0,7.0,7.0,2022.0,50.016849,22.0087855,2.31,11.0,0.381,1.491,0.552,0.186,0.148,0.939,0.133,condominium,,premium,yes,yes,yes,no,no,2690
ace54129de4ed5fe5f6b4006148e36a5,warszawa,tenement,64.0,3.0,2.0,3.0,1926.0,52.23214,21.0267,1.58,43.0,0.312,0.281,0.295,0.438,0.22,0.222,0.492,condominium,brick,premium,no,yes,no,no,yes,5000
b7435771844485296667a5368abe423d,warszawa,tenement,43.0,2.0,1.0,3.0,1950.0,52.24116,20.99996,1.08,53.0,0.12,0.263,0.335,0.132,0.236,0.38,0.294,condominium,brick,,no,no,no,no,no,3000
0abce1d36eba17de7838d23c44e34266,warszawa,apartmentBuilding,36.0,2.0,4.0,6.0,2019.0,52.23557629,20.98698199,1.21,78.0,0.144,0.445,0.54,0.281,0.029,0.865,0.11,condominium,brick,,no,no,yes,no,no,5500
2d97055498a704a4deeb1caea0afcf33,czestochowa,blockOfFlats,86.0,3.0,3.0,5.0,,50.823,19.0906,2.96,3.0,0.788,2.074,0.488,0.384,0.548,1.712,0.602,condominium,,,no,yes,yes,no,no,3500
dee7af1d980ff5c9a0bd4a0b8c48ef08,wroclaw,,42.0,2.0,1.0,8.0,2021.0,51.103,17.0511,1.72,26.0,0.298,0.586,0.756,0.137,0.213,0.28,0.184,condominium,brick,,yes,no,yes,yes,no,3000
e2bdc1d68bf237194144388c579efb36,warszawa,apartmentBuilding,93.0,3.0,8.0,15.0,2000.0,52.18193,21.0264,5.75,20.0,0.246,0.071,0.408,0.47,0.197,1.944,0.076,condominium,brick,,yes,yes,yes,no,no,5500
2c7a553a8918bf86405953afa1db0946,warszawa,apartmentBuilding,44.57,2.0,1.0,4.0,2022.0,52.2053664,21.0425538,3.95,21.0,0.133,0.417,0.577,0.18,0.341,1.868,0.217,condominium,brick,,yes,yes,yes,no,no,4500
7490cf9bc9ed13123f173b8d3c1c8bf8,katowice,,27.0,2.0,,,,50.25958115,19.01661412,0.22,72.0,0.128,0.041,0.04,0.447,0.031,0.116,0.057,condominium,,,yes,no,,no,no,2300
1dac9b0ee75dd7cd94ed26b52ea20ea9,warszawa,,90.8,3.0,8.0,9.0,2009.0,52.16924,21.01919,7.03,4.0,0.748,0.915,0.561,0.391,0.304,2.774,0.547,condominium,,,no,yes,no,no,no,8800
9935a53b673a4055a3875aa293dc024a,gdynia,,32.0,1.0,,1.0,1947.0,54.48382,18.5322,4.16,11.0,0.319,1.23,0.425,0.323,0.294,2.638,0.349,condominium,brick,,no,no,no,no,no,1800
a3a8c34bbaa3d178d04e787d723175f4,gdynia,,35.0,2.0,3.0,3.0,1950.0,54.5021439,18.5429357,2.11,14.0,0.197,0.422,0.354,0.297,0.36,1.001,0.157,condominium,,,no,no,no,no,no,2500
f9ec4d5b29e430d40e11d6451c130e8e,warszawa,apartmentBuilding,73.23,3.0,8.0,12.0,2019.0,52.23417,20.98585,1.24,70.0,0.262,0.28,0.465,0.229,0.058,1.037,0.145,condominium,brick,,yes,yes,yes,yes,no,13000
bea6bd99a82b0b563aafb5c26edf9d0b,warszawa,,110.0,5.0,7.0,13.0,,52.19111,20.98826,4.63,16.0,0.534,0.528,0.269,0.096,0.098,1.036,0.24,condominium,,,no,yes,no,no,no,8500
d8318b58ac1622a04bc8cfe5d8be415e,gdansk,blockOfFlats,41.0,2.0,14.0,17.0,2022.0,54.39621,18.64467,5.25,12.0,0.267,0.145,1.449,0.087,0.108,2.522,0.124,condominium,,,no,yes,yes,no,no,3200
0c6d77f85a0c67033fd029932dcf15fb,poznan,,45.0,2.0,3.0,4.0,2000.0,52.46236841,16.92245676,6.12,4.0,0.666,0.808,0.537,0.749,0.107,4.331,0.188,condominium,,,no,yes,no,no,no,2100
f39986ac1ff02b45f4a672f2fb0df0b4,krakow,,51.21,2.0,6.0,6.0,,50.0710632,19.9038827,3.03,19.0,0.135,0.265,0.12,0.251,0.107,0.681,0.263,condominium,,premium,no,yes,no,no,no,4800
e31252418897537e538ad0d97454eda5,warszawa,apartmentBuilding,110.0,5.0,,,2018.0,52.2015617,21.0111955,3.39,31.0,0.309,0.329,0.26,0.233,0.227,0.767,0.046,condominium,brick,,yes,no,yes,no,no,12000
ff497d79cf6e83424e59a5c2fda5a6e7,krakow,,35.0,2.0,,2.0,2022.0,50.01396,19.99962,6.34,11.0,0.313,0.217,0.147,0.287,0.664,2.629,0.189,condominium,,,yes,no,no,no,yes,2390
ccfe44656161bc22e50ebebd1fe7d254,katowice,tenement,28.0,1.0,,2.0,,50.2677983,18.9806335,2.93,3.0,0.456,0.792,0.854,0.364,0.818,2.152,0.48,condominium,brick,,no,no,no,no,no,1550
98dab5cd0138232ed392bc20ad1c84e6,szczecin,,53.0,2.0,,2.0,,53.4301818,14.5509623,1.0,79.0,0.287,0.322,0.396,0.127,0.055,0.502,0.18,condominium,,,no,no,no,no,no,2200
a8acfd70b57ab2fba3471f7647315e40,katowice,apartmentBuilding,55.0,3.0,2.0,3.0,2022.0,50.241715,19.013214,2.01,2.0,1.076,0.393,1.255,0.555,0.813,1.01,0.234,condominium,brick,,yes,yes,yes,no,no,3000
abc43796ea9b59401a2166dc222af133,warszawa,apartmentBuilding,100.0,5.0,23.0,23.0,2017.0,52.231172,21.0038329,0.06,59.0,0.187,0.219,0.271,0.31,0.082,0.43,0.119,condominium,brick,premium,yes,no,yes,no,no,18000
0058b72995dda61ae18042a520f7fb60,warszawa,tenement,50.0,2.0,1.0,2.0,1948.0,52.26883,20.97906,4.45,40.0,0.292,0.257,0.238,0.154,0.033,0.731,0.194,condominium,brick,premium,yes,no,no,no,no,3900
e22894515a167ae25fb337c02dcc629e,warszawa,,127.0,5.0,3.0,12.0,1998.0,52.222906,20.9821169,1.76,30.0,0.142,0.235,0.263,0.482,0.085,1.248,0.204,condominium,,,no,yes,yes,no,no,9000
e1dd4c5629692b4e68781769deaed5e6,warszawa,,60.0,2.0,,1.0,,52.2792164,21.0550929,6.34,17.0,0.213,0.492,1.007,0.325,0.058,0.589,0.033,condominium,,,no,no,no,no,no,3600
16eb9339480376d7023b678fbbe3bf50,bydgoszcz,,26.0,1.0,1.0,3.0,,53.1341247,18.0081605,1.43,20.0,0.317,0.273,0.127,0.074,0.213,0.271,0.203,condominium,,,no,no,no,no,no,1300
95250e6169e959b292b36edbdabbf306,warszawa,apartmentBuilding,87.0,3.0,3.0,8.0,2008.0,52.2307675,20.9742961,2.0,33.0,0.132,0.41,0.636,0.039,0.016,1.845,0.235,condominium,brick,premium,yes,yes,yes,no,no,6600
87b643fc40c49b3965916c490dbbba4e,katowice,apartmentBuilding,44.0,2.0,4.0,6.0,2021.0,50.26322913,19.02132511,0.45,48.0,0.153,0.147,0.495,0.104,0.187,0.17,0.256,condominium,brick,,yes,yes,yes,no,no,2100
baf734d3603083923af9760f6804b750,warszawa,apartmentBuilding,43.0,2.0,4.0,6.0,2020.0,52.2242408,20.93977325,4.42,37.0,0.351,0.134,0.083,0.067,0.055,0.407,0.256,condominium,brick,,yes,yes,yes,no,no,3250
451b1a3cb1a74a4c2c68980491697a6c,wroclaw,apartmentBuilding,80.0,4.0,1.0,4.0,2021.0,51.0770662,16.9888168,4.71,7.0,0.298,1.392,1.104,0.292,0.554,1.781,0.537,condominium,brick,,yes,yes,yes,no,no,5200
b278705fc2fad0aaf7c08f41074bd94f,gdansk,apartmentBuilding,50.0,2.0,5.0,5.0,,54.416667,18.583333,8.79,17.0,0.286,0.491,0.269,0.411,0.163,0.749,0.344,condominium,brick,premium,no,yes,yes,no,no,3500
1916a00057823432e8da31480967d60f,warszawa,,58.0,2.0,4.0,9.0,,52.21526,20.96176,3.38,13.0,0.319,0.666,0.412,0.032,0.159,0.343,0.549,condominium,,,no,no,no,no,no,6300
6f254c8cf48f6efdde0a0b532787d33f,warszawa,blockOfFlats,56.5,3.0,8.0,11.0,1976.0,52.2389927,20.9888512,1.29,73.0,0.146,0.49,0.14,0.25,0.084,0.497,,condominium,concreteSlab,,no,no,yes,no,no,3700
f44ed2223801f2f7fea2e862fbce098f,warszawa,,69.0,3.0,1.0,5.0,2006.0,52.28229,21.04668,6.34,10.0,0.281,0.46,0.7,0.522,0.286,1.224,0.418,condominium,,,no,yes,no,no,no,4750
6648e1293d55a1cb97eac426f5712b0d,krakow,tenement,50.0,2.0,1.0,1.0,,50.0729257,19.9228479,2.25,29.0,0.059,0.416,0.272,0.115,0.094,0.49,0.321,condominium,brick,,no,yes,no,no,no,3600
d482a3a75b8e2cbdafebc2161fb3f29c,gdynia,,49.0,2.0,4.0,4.0,1998.0,54.5013275,18.5147885,2.71,5.0,0.363,1.348,1.065,0.282,0.601,1.226,0.16,condominium,,,no,no,,no,no,2100
061c9d4d7efc63f98a3c7137c1b4aa00,krakow,blockOfFlats,43.0,2.0,3.0,4.0,1972.0,50.08729834,19.93116312,3.6,23.0,0.204,0.377,0.412,0.384,0.25,0.425,0.181,condominium,concreteSlab,,no,yes,no,no,yes,2300
bbe27ab8f063a343f7763652f6f1bb15,warszawa,tenement,90.0,3.0,1.0,5.0,1938.0,52.2165156,21.0196348,2.01,47.0,0.152,0.105,0.144,0.226,0.021,0.741,0.036,condominium,brick,premium,no,yes,yes,no,no,7600
ac3fb59b932f8fb916bbd785423910c6,poznan,blockOfFlats,63.0,4.0,5.0,11.0,,52.3876,16.8613,5.52,10.0,0.247,0.654,0.479,0.148,0.305,0.992,0.054,condominium,concreteSlab,,yes,yes,no,no,no,2400
cb39b3986a53d1b25f81947f3d8eaa3f,gdansk,tenement,32.0,2.0,1.0,4.0,,54.35115,18.65367,0.2,149.0,0.214,0.611,0.029,0.159,0.062,0.515,0.119,condominium,brick,,no,no,no,no,no,2800
0e2dee7d83050ac5b899db1b83f3771a,poznan,apartmentBuilding,28.0,1.0,1.0,15.0,2022.0,52.36893,16.99127,5.75,1.0,1.283,2.262,1.397,1.016,0.377,3.893,0.712,condominium,brick,premium,no,no,yes,no,no,1999
d2f1850819184c0c277f3f350b84aa9d,wroclaw,blockOfFlats,52.07,2.0,2.0,4.0,2010.0,51.1255084,17.0559331,2.46,16.0,0.278,0.348,0.4,0.149,0.284,1.353,0.195,condominium,,,yes,yes,yes,no,no,3600
d9e8873ca2d5ae5275fc4ffe1d846d41,warszawa,blockOfFlats,53.84,2.0,2.0,6.0,2004.0,52.2052,21.047,4.18,18.0,0.265,0.384,0.46,0.469,0.342,2.17,0.094,condominium,,,yes,yes,yes,yes,no,3000
6f63c9b80b2b186fdb0e2963690a5ce5,warszawa,blockOfFlats,43.26,2.0,6.0,8.0,2017.0,52.16415,20.9953,7.53,11.0,0.839,0.176,0.658,0.261,0.143,3.169,0.203,condominium,,,no,no,yes,no,no,3300
af13936d6c0f416699da83bb4282087a,wroclaw,apartmentBuilding,46.0,2.0,4.0,6.0,2013.0,51.0874463,17.0544641,3.11,7.0,0.169,1.653,0.597,0.205,0.084,0.892,0.487,condominium,brick,premium,yes,no,yes,no,no,2450
0bae772fcf2cc50914873a88023a72cb,wroclaw,blockOfFlats,71.0,4.0,3.0,4.0,,51.1075283,17.1240196,6.59,4.0,1.095,3.835,1.674,0.183,0.08,3.488,0.444,condominium,,,yes,yes,yes,no,no,5900
ef3ac3c7c4a855ef56f2473b1fb11186,warszawa,blockOfFlats,95.0,4.0,2.0,3.0,1992.0,52.19446,21.05049,5.23,2.0,0.67,0.605,0.39,0.379,0.589,2.819,0.604,condominium,,,no,yes,no,no,no,5000
536ff437af90353b69161a303cd886c1,krakow,blockOfFlats,42.0,2.0,3.0,3.0,2022.0,50.093574,19.960318,4.53,9.0,0.639,0.287,0.22,0.407,0.235,2.438,0.469,condominium,,,no,yes,yes,no,no,2900
917307d0e01c8c14579d170c3b8a5bea,krakow,,70.0,3.0,,1.0,1920.0,50.06737,19.86154,5.65,1.0,0.443,2.244,1.178,1.902,0.733,2.45,1.342,condominium,brick,,no,no,no,yes,no,2900
31deebd20942cdab9bd0e763f83bd5fc,warszawa,,56.0,3.0,3.0,4.0,,52.2704,20.93871,6.16,12.0,0.221,0.576,0.449,0.105,0.397,0.771,0.029,condominium,,,no,yes,no,no,no,4000
a1f549d703b13d298786cd47da36d319,gdynia,,42.0,2.0,,1.0,1950.0,54.53039,18.48505,3.66,4.0,0.195,0.943,0.668,0.237,0.442,0.72,0.408,condominium,,,no,no,no,no,no,2100
b59e6dacb9328c3abe365ba69ea591ff,krakow,blockOfFlats,42.0,2.0,1.0,3.0,1998.0,50.01051,19.96488,5.33,14.0,0.507,0.541,0.165,0.046,0.035,0.671,0.212,condominium,brick,,no,yes,no,no,no,2200
f93cb52adbdc6d295f323a82d6076dca,warszawa,apartmentBuilding,49.0,2.0,1.0,4.0,2009.0,52.20082,21.00561,3.44,26.0,0.382,0.349,0.442,0.17,0.091,0.661,0.172,condominium,brick,,yes,yes,yes,no,no,4900
3512a9e87382eb2ab6c92140283ec715,warszawa,apartmentBuilding,39.0,2.0,1.0,28.0,,52.22602,20.95643,3.27,12.0,0.213,0.235,0.568,0.072,0.047,0.738,0.045,condominium,brick,,yes,no,yes,no,no,5000
37cbeadab200c7e2aa55a972df8a633f,warszawa,blockOfFlats,127.0,4.0,14.0,14.0,2010.0,52.2803,20.985,5.55,2.0,0.506,1.051,0.591,0.489,0.233,1.313,0.65,condominium,brick,premium,no,yes,yes,no,no,9500
44a583130d53df0c883cea52a49cba96,warszawa,apartmentBuilding,86.0,4.0,1.0,4.0,2006.0,52.224277,21.076369,5.03,9.0,0.587,1.264,0.591,0.32,0.395,0.781,0.456,condominium,brick,,yes,yes,yes,no,no,6000
9d8e6a21dd7b1ebb42b6f5be044e2c7d,katowice,,58.5,3.0,,3.0,,50.2622,19.0118,0.64,42.0,0.111,0.113,0.397,0.105,0.099,0.091,0.324,condominium,,,no,no,no,no,no,2106
48c5729637c99c403101d68ba4dd7689,warszawa,apartmentBuilding,86.0,3.0,4.0,7.0,2016.0,52.253839,20.9897719,2.63,64.0,0.123,0.167,0.189,0.008,0.1,0.112,0.189,condominium,brick,premium,no,no,yes,no,no,7500
b6af34c5f15194576369029b18e5212a,warszawa,,43.0,2.0,3.0,6.0,2021.0,52.19455,20.98346,4.35,15.0,0.355,0.036,0.36,0.285,0.274,1.38,0.282,condominium,,,no,no,yes,no,no,3900
edd20016c86189d31bfee48e0a895949,wroclaw,,95.0,3.0,3.0,4.0,2001.0,51.1213363,17.0322687,1.2,36.0,0.131,0.083,0.346,0.124,0.112,0.491,0.082,condominium,brick,premium,no,no,yes,no,no,4500
3e44c0dca13e4b1e0181d4e1cfce530f,warszawa,blockOfFlats,35.0,2.0,1.0,1.0,,52.2351045,20.94528924,3.99,22.0,0.145,0.262,0.41,0.099,0.277,0.989,0.274,condominium,,,no,no,,no,no,2500
b1b55a02a434080760395dc54504c8d5,krakow,blockOfFlats,42.0,2.0,1.0,4.0,2022.0,50.0659854,19.9888097,3.79,7.0,0.812,0.432,0.813,0.431,0.318,1.928,0.673,condominium,,premium,yes,yes,yes,no,no,3000
c6cdbe0914319551e29acfa8c41152bf,warszawa,,75.0,3.0,2.0,2.0,1937.0,52.20666,21.03758,3.62,20.0,0.257,0.491,0.547,0.179,0.053,1.514,0.132,condominium,,,no,yes,no,no,no,5900
737937919bb1642c9902f2140852f1b3,warszawa,blockOfFlats,39.0,2.0,5.0,6.0,2002.0,52.24352,21.08857,5.94,33.0,0.28,0.511,0.346,0.165,0.104,0.546,0.152,condominium,,,no,yes,yes,no,no,3000
eff2b4a3277152f084d40bfb76defe98,katowice,,56.0,3.0,2.0,2.0,,50.26322913,19.02132511,0.45,48.0,0.153,0.147,0.495,0.104,0.187,0.17,0.256,condominium,,,no,yes,no,no,no,2520
37a03fd928e43df9aebc022b069db54a,warszawa,blockOfFlats,101.0,4.0,1.0,2.0,2005.0,52.1680244,21.10844473,10.06,7.0,1.406,3.697,0.323,0.613,0.084,4.069,0.27,condominium,brick,premium,yes,no,no,no,no,7900
8917ca150d580cd1ef8c2009bb2af174,gdansk,,60.0,2.0,2.0,5.0,,54.34981,18.66307,0.56,58.0,0.613,1.0,0.34,0.484,0.177,0.857,0.248,condominium,,,no,yes,no,no,no,4700
990265ed6d58b3a1fb8953f12467b194,lodz,blockOfFlats,54.0,2.0,3.0,4.0,2005.0,51.7755,19.4621,0.84,27.0,0.167,0.635,0.246,0.151,0.291,0.582,0.138,condominium,brick,,yes,no,no,yes,yes,2100
cbaf7e99ab0ba40bc4ede80b664ba012,katowice,apartmentBuilding,40.82,2.0,3.0,8.0,2019.0,50.24748,19.03919,1.92,16.0,0.276,0.326,0.498,0.339,0.181,1.555,0.5,condominium,brick,,no,yes,yes,no,no,2900
ec7363115b9ee9dac7c619c4c191b60e,lodz,blockOfFlats,74.0,3.0,3.0,7.0,,51.80166667,19.4325,2.71,4.0,0.626,1.468,0.426,0.105,0.617,1.68,0.498,condominium,concreteSlab,,no,yes,no,no,no,2200
371bd78fbdc441a3ec389446356a6075,katowice,tenement,108.0,5.0,1.0,3.0,,50.2648919,19.0237815,0.69,24.0,0.382,0.168,0.289,0.298,0.141,0.375,0.219,condominium,brick,,no,no,no,no,no,2900
812587fbeab277f0f70e0425ac4ed250,krakow,blockOfFlats,45.0,2.0,,4.0,,50.05844,19.97929,2.94,8.0,0.275,1.022,0.251,0.155,0.464,1.422,0.23,condominium,,,no,yes,no,no,yes,2300
1e94296cbc0d300bd77d78152f906b2c,warszawa,,38.4,2.0,3.0,12.0,,52.22295,20.98381,1.66,36.0,0.127,0.349,0.173,0.476,0.165,1.243,0.197,condominium,,,no,yes,no,no,no,3000
6bf9a6b4483cd869dd48cbd22185c703,warszawa,tenement,90.0,3.0,3.0,4.0,1928.0,52.222658,21.0198321,1.5,81.0,0.175,0.193,0.471,0.19,0.047,0.481,0.184,condominium,brick,,no,no,yes,no,no,9000
31618de4ad2149aa363dc7a331b3c11a,warszawa,,40.0,2.0,2.0,6.0,,52.24353,20.98081,2.03,33.0,0.091,0.209,0.24,0.196,0.018,0.78,0.328,condominium,,,no,yes,no,no,no,4500
7eef12381d915ddb35a81dca492c3f39,wroclaw,blockOfFlats,49.58,2.0,2.0,5.0,2013.0,51.1196553,17.0502771,1.74,27.0,0.064,0.381,0.298,0.221,0.301,0.798,0.338,condominium,,,yes,yes,yes,no,yes,3500
0bde85cad87f1324b108b4b2fb24198d,warszawa,,80.0,3.0,6.0,6.0,,52.24415,20.96572,2.92,18.0,0.294,0.559,0.573,0.186,0.188,1.116,0.079,condominium,,,no,yes,no,no,no,5000
b14dc82c19a36820f6ab55ae6fc47a21,krakow,apartmentBuilding,45.0,2.0,4.0,8.0,,50.0646501,19.9449799,1.14,94.0,0.217,0.403,0.102,0.623,0.042,0.484,0.055,condominium,brick,premium,no,yes,yes,no,no,3800
e884a0f52d1cf832d9b690b4746cea00,warszawa,,50.0,3.0,1.0,4.0,2022.0,52.2197,20.88944,7.89,1.0,0.957,0.658,0.671,0.489,0.697,3.847,0.88,condominium,,,no,no,yes,no,no,3500
b672b1965832a35e04392cdf8d4b224f,lodz,apartmentBuilding,70.0,2.0,2.0,3.0,2013.0,51.7528935,19.4782045,3.57,11.0,0.199,0.351,0.331,0.523,0.124,1.47,0.383,condominium,brick,,yes,no,yes,no,no,2800
60ec9595f011ebc741aff695238b75c7,krakow,apartmentBuilding,36.0,2.0,2.0,6.0,2014.0,50.0106981,19.8900334,6.05,6.0,0.337,0.887,0.901,0.144,0.425,4.208,0.266,condominium,brick,,no,no,yes,no,no,2800
3fcdbe5f10bc530106b82d8748c88b5e,katowice,apartmentBuilding,70.0,3.0,3.0,3.0,2011.0,50.2302,18.963,5.17,7.0,0.316,0.602,0.402,0.409,0.371,3.831,0.188,condominium,brick,,yes,yes,yes,no,yes,4500
3215dd9ecc5a2cdfb20f281595ec38b2,szczecin,blockOfFlats,47.1,2.0,6.0,6.0,2000.0,53.42997,14.56525,0.78,18.0,0.202,0.883,0.162,0.207,0.215,0.248,0.713,condominium,brick,premium,no,yes,yes,no,no,2000
fe1fade0731045956ac1e9ae94fa4098,krakow,apartmentBuilding,50.0,2.0,4.0,6.0,2021.0,50.0788649,19.937057,2.62,8.0,0.583,0.214,0.547,0.519,0.319,0.73,0.463,condominium,brick,premium,yes,yes,yes,no,no,4900
cfa9d30217b22a5ecaa4d20c384af764,wroclaw,apartmentBuilding,38.29,2.0,2.0,9.0,2019.0,51.1271107,17.0246632,1.86,2.0,0.699,0.245,0.645,0.489,0.758,1.283,0.565,condominium,brick,,no,yes,yes,no,no,3400
f3e28ce7b747d0b682c62f76b0f111b9,warszawa,,38.0,2.0,4.0,4.0,1974.0,52.1941056,20.9635795,4.99,14.0,0.244,1.092,0.379,0.15,0.206,2.313,0.667,condominium,,,no,yes,no,no,no,3200
9e87684740d8c569242ae2804db2187b,warszawa,blockOfFlats,42.0,2.0,2.0,4.0,1978.0,52.18925811,20.99145412,4.79,24.0,0.386,0.474,0.152,0.202,0.084,0.875,0.174,condominium,,,no,no,,no,no,2800
2c9c73d0f07cdc556a0f376a1e60a3aa,lodz,apartmentBuilding,40.0,2.0,,1.0,2023.0,51.7189086505501,19.4508199174825,6.97,0.0,0.632,2.27,1.01,0.777,0.684,1.673,0.846,condominium,brick,premium,yes,yes,no,yes,yes,2400
39eb0b8b15d43bc9292ca0751ec48460,krakow,blockOfFlats,49.0,2.0,4.0,7.0,2019.0,50.0487068,19.9649421,2.03,20.0,0.271,0.126,0.546,0.098,0.105,1.025,0.614,condominium,,,no,yes,yes,no,no,3300
2e8ce91a276b7111138a37bd086d3cc9,warszawa,apartmentBuilding,41.42,2.0,3.0,4.0,2017.0,52.1669394,21.0684805,8.45,16.0,0.384,1.108,0.512,0.287,0.105,2.122,0.242,condominium,brick,premium,yes,yes,yes,no,no,3000
11e9e80e95600631a73960b9264808cf,poznan,,46.87,2.0,1.0,5.0,,52.4091654,16.9234397,0.84,65.0,0.137,0.771,0.413,0.066,0.069,0.514,0.044,condominium,,,no,no,yes,no,no,4222
6a5b2b22b36f59028c6fcc2644c34c20,czestochowa,blockOfFlats,56.0,2.0,2.0,4.0,,50.823,19.0906,2.96,3.0,0.788,2.074,0.488,0.384,0.548,1.712,0.602,condominium,,,no,yes,no,no,no,2000
b36c891c2804965e809e25b5d46a62b4,warszawa,tenement,47.0,2.0,,3.0,1936.0,52.20432,21.01227,3.1,27.0,0.196,0.199,0.136,0.137,0.151,0.458,0.205,condominium,brick,,no,no,no,yes,yes,4500
2234443bebce67779ea5c0f44363dbed,warszawa,apartmentBuilding,95.2,3.0,3.0,4.0,2008.0,52.16216455,21.07543892,9.15,31.0,0.666,1.516,0.359,0.435,0.144,2.015,0.129,condominium,brick,premium,yes,yes,yes,no,no,9000
b94c105831f4af9720980f81f6f2be04,warszawa,tenement,56.0,2.0,,3.0,1950.0,52.2016251,21.0303179,3.81,22.0,0.174,0.261,0.152,0.117,0.115,1.232,0.278,condominium,brick,premium,no,no,no,no,no,4950
5044ac05d866527a7c77803ee6e83f8a,bydgoszcz,,40.33,2.0,,6.0,2017.0,53.0960166,18.0250245,3.31,0.0,0.9,2.097,0.991,1.118,0.984,0.618,0.784,condominium,brick,,no,no,no,no,no,2100
7f9eeb83dd305f8f4646bb059c2e9af8,warszawa,blockOfFlats,37.0,2.0,4.0,4.0,1978.0,52.1925,20.9719,4.86,7.0,0.4,0.836,0.225,0.138,0.596,2.144,0.654,condominium,,,yes,yes,no,no,no,3000
ee785aaf29bc30cee0ad02be1b7d3199,krakow,blockOfFlats,39.36,2.0,4.0,9.0,2018.0,50.0834,20.0066,5.78,23.0,0.011,1.412,0.205,0.177,0.327,1.08,0.247,condominium,,,yes,yes,yes,no,yes,2800
01ec95c5fe1a1e772bba0214a05c885a,gdansk,apartmentBuilding,41.0,2.0,,4.0,2017.0,54.351,18.662939,0.58,65.0,0.531,1.081,0.419,0.445,0.191,0.917,0.374,condominium,brick,premium,yes,yes,yes,no,yes,3000
0dae9ee6f91fc8d7490cd5d8f42c38ab,krakow,,43.68,2.0,1.0,3.0,1986.0,50.0496,19.92656,1.06,22.0,0.116,0.685,0.19,0.208,0.042,0.873,0.191,condominium,,,no,no,no,no,no,2500
5b3e4a95f38188aac61d940d6bb56976,bydgoszcz,apartmentBuilding,25.0,1.0,,5.0,2022.0,53.1378,18.0069,1.8,7.0,0.251,0.315,0.534,0.105,0.177,0.677,0.594,condominium,brick,,yes,yes,yes,no,no,1750
0028880c7cfa6e3a9ce823cb871031ef,gdynia,,64.4,3.0,1.0,3.0,1970.0,54.5285411,18.5057323,2.33,10.0,0.315,0.16,0.076,0.198,0.691,1.01,0.15,condominium,,,no,no,no,no,no,2600
440a7260ff0d7f89ff0f60ecc623de0a,poznan,blockOfFlats,52.0,2.0,2.0,4.0,,52.46113476,16.92522383,5.96,5.0,0.553,0.908,0.422,0.657,0.334,4.353,0.33,condominium,brick,,no,yes,no,no,yes,1900
f35a91d9c4994b2039722ab3c62b99bb,wroclaw,,59.6,3.0,1.0,3.0,2000.0,51.0835607,17.0377505,3.07,18.0,0.325,1.053,0.442,0.275,0.027,1.069,0.156,condominium,,,no,no,no,no,no,4000
194fa5569b2f6b37d5aecbfee96902bb,warszawa,,37.12,2.0,2.0,6.0,,52.22634,21.00955,0.72,105.0,0.29,0.169,0.187,0.217,0.09,0.14,0.141,condominium,,,no,no,yes,no,no,4250
f815aac9bbc35c619716b4c9a613dc2c,warszawa,apartmentBuilding,41.9,2.0,7.0,10.0,2001.0,52.2068074,21.0019862,2.77,23.0,0.106,0.361,0.153,0.401,0.262,0.199,0.015,condominium,brick,premium,yes,yes,yes,no,no,3200
8d270b305ecc31fa685e8b3080f6da56,warszawa,apartmentBuilding,40.0,2.0,6.0,6.0,2021.0,52.2290998,20.9151739,6.03,19.0,0.314,0.166,0.109,0.339,0.341,2.057,0.041,condominium,brick,,no,yes,yes,yes,yes,3200
6a8886c41c83c6316bed080cb492ae7d,katowice,blockOfFlats,72.0,4.0,10.0,10.0,1980.0,50.218,19.02313,4.6,0.0,1.794,2.418,2.989,2.038,1.247,3.614,2.325,condominium,concreteSlab,premium,no,yes,yes,no,no,2400
00965fd7c3f0b29d0a7c1be7b39a0f95,warszawa,blockOfFlats,118.0,4.0,3.0,6.0,1997.0,52.24002,20.99994,0.96,56.0,0.136,0.365,0.419,0.079,0.231,0.428,0.191,condominium,,,yes,yes,yes,no,no,7500
0a1a96828d43086848ed024c09b2f767,gdansk,apartmentBuilding,76.04,3.0,4.0,4.0,2019.0,54.3419,18.6565,0.84,13.0,0.096,0.118,0.154,0.749,0.173,1.373,0.275,condominium,brick,premium,no,yes,yes,no,no,4800
e1076f6408d87c2b1e036aaf94e1da39,krakow,,56.0,2.0,,8.0,2012.0,50.0273212,19.9190815,3.4,24.0,0.08,0.059,0.365,0.048,0.033,1.857,0.138,condominium,,,no,no,yes,no,no,3400
a9f7570f4aa56f2200fcae87c538c2a9,krakow,apartmentBuilding,54.0,2.0,1.0,7.0,,50.0492541,19.9593263,1.64,24.0,0.166,0.246,0.533,0.317,0.033,0.732,0.431,condominium,brick,,yes,yes,yes,no,yes,3500
ce2eb7bc8884d83b11464576b8de9ef5,gdynia,,48.0,2.0,2.0,3.0,,54.50537,18.54244,1.75,16.0,0.275,0.107,0.484,0.273,0.396,0.807,0.235,condominium,,,no,no,no,no,no,1900
ea6cbecceddc3e56a3d02e72f889da85,rzeszow,blockOfFlats,37.0,2.0,4.0,6.0,2015.0,50.0301,22.0093,0.87,14.0,0.475,0.696,0.682,0.457,0.083,0.453,0.467,condominium,brick,,yes,yes,yes,yes,yes,2000
1457ad16049a8a6ceb63fac4bf93adad,warszawa,blockOfFlats,39.0,2.0,2.0,5.0,,52.2258005957183,21.0186250686502,1.22,108.0,0.102,0.337,0.337,0.057,0.039,0.444,0.228,condominium,brick,,no,no,yes,no,no,3800
a66c3e3c43d469cdd1053686df14e36c,warszawa,,38.0,2.0,6.0,12.0,,52.19926,21.01268,3.66,28.0,0.175,0.381,0.077,0.13,0.091,0.984,0.118,condominium,,,no,no,no,no,no,4000
eee39c309b4f55e057485d848bb2772b,bydgoszcz,,40.0,2.0,1.0,1.0,,53.126,18.0079,0.65,54.0,0.111,0.205,0.351,0.405,0.058,0.622,0.205,condominium,,,no,no,,no,no,1500
db2951ef78760c9e66087742e005b5cc,krakow,apartmentBuilding,46.0,2.0,,5.0,2010.0,50.0758,19.9904,4.35,8.0,0.301,0.932,0.546,0.386,0.327,2.084,0.636,condominium,brick,,no,yes,yes,no,no,3300
2068b3403ecb742ca29a227fcbae0f8b,lodz,apartmentBuilding,40.0,2.0,3.0,5.0,2022.0,51.74863,19.46969,3.8,7.0,0.246,0.299,0.928,0.288,0.388,0.838,0.454,condominium,brick,,no,yes,yes,no,no,2300
6a570d745c535ca0b011e24a38154598,lodz,blockOfFlats,38.0,2.0,4.0,4.0,1975.0,51.7418,19.49748,5.3,17.0,0.137,1.488,0.601,0.239,0.177,2.408,0.239,condominium,concreteSlab,,no,no,no,no,yes,1400
4d0b46b25619d573ac33772f988eb0ac,poznan,apartmentBuilding,74.48,3.0,1.0,5.0,2009.0,52.4017827,16.9391556,0.72,21.0,0.024,0.575,0.588,0.024,0.311,0.921,0.172,condominium,brick,,no,yes,yes,no,no,3900
a979f07a85ad93d4a72f0706dbbd85f2,warszawa,tenement,57.0,3.0,3.0,4.0,1926.0,52.20881,20.9652,3.65,15.0,0.062,0.573,0.654,0.152,0.17,0.676,0.118,condominium,brick,premium,no,yes,yes,no,no,6500
385f57a5b758fd155698f3b1021ef54f,poznan,,45.95,2.0,2.0,2.0,2021.0,52.39365744,16.91977486,1.91,32.0,0.304,0.689,0.09,0.091,0.015,0.27,0.154,condominium,,,no,yes,yes,no,no,3000
7c46e0d133990ba695dc7a0bce31f9da,wroclaw,blockOfFlats,42.0,2.0,7.0,8.0,,51.1194548,17.0499976,1.71,27.0,0.089,0.376,0.273,0.227,0.274,0.779,0.326,condominium,,,no,no,yes,no,yes,2300
0e68643f5bbd284346290188b7a5e85e,gdansk,apartmentBuilding,70.0,3.0,4.0,8.0,2023.0,54.36016,18.65574,1.2,12.0,0.323,0.407,0.567,0.346,0.226,0.553,0.156,condominium,brick,,no,yes,yes,no,no,4900
52c3dbc1348ffa1607913368ccf40a22,krakow,blockOfFlats,41.0,2.0,1.0,4.0,2004.0,50.0087836653321,20.0142274908967,7.49,13.0,0.459,0.854,0.442,0.345,0.229,3.237,0.051,condominium,brick,,no,yes,no,no,no,2000
b6fc20ab80bc9f0f2f6cbb4240256932,warszawa,blockOfFlats,40.0,2.0,12.0,15.0,1972.0,52.2374138456696,21.0016955046443,0.65,59.0,0.204,0.347,0.623,0.153,0.002,0.701,0.294,condominium,concreteSlab,,yes,no,yes,no,yes,3300
d701a45a2d83e24fd30b5d252b4e7935,warszawa,tenement,58.0,2.0,4.0,6.0,1930.0,52.21803,21.01636,1.75,54.0,0.203,0.243,0.247,0.101,0.134,0.462,0.203,condominium,brick,,no,yes,yes,yes,no,4500
dd027717ea8fbc4cd966ddcb3a8076b3,warszawa,tenement,58.0,2.0,1.0,3.0,1900.0,52.2498417,21.0282339,2.62,14.0,0.195,1.253,0.305,0.126,0.184,0.85,0.2,condominium,brick,,yes,yes,no,no,no,3600
b3e9950ffa6d7874611a19b8bde766eb,warszawa,,51.5,2.0,7.0,7.0,,52.22935,21.0773,5.03,23.0,0.239,0.877,0.114,0.095,0.053,0.626,0.111,condominium,,,no,yes,no,no,no,4000
c095dc8ed9cea24ae11a72beff3dc53a,bialystok,blockOfFlats,60.0,3.0,3.0,3.0,2023.0,53.1482798,23.1529076,1.74,7.0,0.066,1.229,0.413,0.233,0.427,1.321,0.32,condominium,brick,premium,yes,yes,yes,no,no,3200
19e7859c669c03fabcb8fb9a8b945501,wroclaw,apartmentBuilding,50.0,3.0,1.0,3.0,2018.0,51.1458649,17.0355841,3.93,2.0,0.456,0.551,0.404,0.732,0.509,2.595,0.545,condominium,brick,premium,yes,yes,no,no,no,4100
3b91a50eb7ff5d1503cd65f5200789c8,poznan,,41.74,2.0,3.0,5.0,,52.4091654,16.9234397,0.84,65.0,0.137,0.771,0.413,0.066,0.069,0.514,0.044,condominium,,,no,no,yes,no,no,4543
1a6ff03dd880b9ca37725b0af19c7ef4,czestochowa,blockOfFlats,51.0,2.0,2.0,4.0,,50.823,19.0906,2.96,3.0,0.788,2.074,0.488,0.384,0.548,1.712,0.602,condominium,brick,,yes,yes,yes,yes,yes,1790
7be5612e93b891015aa93c68e86402d9,katowice,blockOfFlats,47.0,2.0,4.0,8.0,1965.0,50.26322913,19.02132511,0.45,48.0,0.153,0.147,0.495,0.104,0.187,0.17,0.256,condominium,brick,premium,no,yes,yes,no,no,2000
f5b25e35e1c3b420c5735df70b3b7cfc,warszawa,apartmentBuilding,90.0,3.0,5.0,5.0,2010.0,52.1561298,21.1116284,11.18,0.0,1.358,3.744,1.033,1.597,1.01,3.27,1.118,condominium,brick,,yes,yes,yes,no,no,4700
701592631873e69fb62860b864da933d,krakow,apartmentBuilding,72.0,4.0,3.0,3.0,2022.0,50.020141,20.059673,9.5,0.0,1.292,3.952,0.654,0.726,0.707,4.331,0.709,condominium,brick,,yes,yes,no,no,no,3700
2cf77b70e16446f959cebe625e17ff17,szczecin,blockOfFlats,59.0,3.0,5.0,10.0,1984.0,53.456111,14.493056,5.78,12.0,0.394,1.766,0.21,0.152,0.676,2.931,0.224,condominium,concreteSlab,premium,no,yes,yes,no,no,2400
23ce9ac3c4597e15dea340b321595081,warszawa,,120.0,5.0,,6.0,1928.0,52.2273,21.03391,2.12,20.0,0.296,0.99,0.514,0.176,0.062,0.931,0.269,condominium,,,no,no,yes,no,no,19000
b81d418d24e9af1aec1aa9b761387809,warszawa,blockOfFlats,38.0,2.0,1.0,4.0,1965.0,52.23807845,21.0900233,5.93,23.0,0.182,0.434,0.482,0.399,0.177,0.732,0.377,condominium,brick,,no,no,,no,no,3400
c036119ba88a081c3c718d9237b1523f,warszawa,apartmentBuilding,80.0,3.0,2.0,2.0,2019.0,52.196607,21.126872,9.26,5.0,0.451,2.853,2.057,0.195,0.467,,0.562,condominium,brick,,no,yes,no,no,no,4300
9da258c8a81f30a0a282ff672a436870,warszawa,blockOfFlats,100.0,4.0,3.0,4.0,1999.0,52.22459,20.899,7.17,9.0,0.279,0.635,0.113,0.333,0.034,3.135,0.129,condominium,,,no,yes,no,no,no,7500
4806094d1df0013eff1f2caebdce3aad,warszawa,,50.0,2.0,9.0,10.0,2017.0,52.17894,21.02828,6.11,13.0,0.521,0.159,0.711,0.671,0.087,2.251,0.293,condominium,brick,,no,yes,yes,no,no,3900
6be83f90b6a32bcfc9887468969f8394,warszawa,blockOfFlats,38.0,2.0,4.0,6.0,1965.0,52.2317360110348,21.0788503347768,5.13,24.0,0.046,0.606,0.259,0.068,0.183,0.634,0.184,condominium,brick,,no,yes,yes,no,no,2600
fc4552af40ec0810bd555ac4ca1fa380,warszawa,,73.0,3.0,1.0,4.0,,52.16068,21.07822,9.4,29.0,0.711,1.63,0.442,0.632,0.125,2.067,0.149,condominium,,,no,yes,no,no,no,5500
c2ab4f856682774f0ff13e652dde5159,gdansk,blockOfFlats,47.8,2.0,1.0,4.0,2004.0,54.39097,18.59904,5.85,23.0,0.137,0.654,0.17,0.285,0.347,1.444,0.082,condominium,brick,,no,yes,yes,no,yes,2500
8424eb774022b04ccbcdffdcbf810717,lublin,blockOfFlats,50.0,2.0,3.0,3.0,,51.2584158,22.5556057,1.46,15.0,0.356,0.478,0.743,0.264,0.123,0.23,0.393,condominium,,,no,no,no,no,no,2400
2a583f8f85159ad6ccf2c924fd17d06e,krakow,apartmentBuilding,62.0,2.0,1.0,8.0,2013.0,50.0713956,19.954938,2.14,14.0,0.444,0.328,0.414,0.4,0.252,0.899,0.174,condominium,brick,,yes,yes,yes,yes,yes,3900
2e41cc11eb18414e16188bd3432cebf9,warszawa,,45.0,2.0,6.0,10.0,1975.0,52.2931809,21.0464796,7.43,29.0,0.124,0.389,0.376,0.124,0.152,2.1,0.076,condominium,concreteSlab,,no,yes,yes,no,yes,2950
ff2cc1ca52599ed41c728825d451a804,warszawa,apartmentBuilding,107.0,4.0,3.0,4.0,2022.0,52.24513,21.06607,4.51,17.0,0.236,0.322,0.331,0.151,0.174,0.736,0.229,condominium,brick,,no,yes,yes,yes,no,14500
97c421db922e075c2695afe6e133f3c7,krakow,blockOfFlats,38.0,2.0,4.0,4.0,1950.0,50.078,20.037,7.47,29.0,0.066,1.506,0.211,0.041,0.435,0.262,0.12,condominium,brick,,yes,yes,no,no,yes,2200
e2378c955eb6035773e39a5e5e6f9c81,krakow,blockOfFlats,38.0,2.0,2.0,8.0,,50.07796,19.92217,2.77,23.0,0.086,0.656,0.113,0.104,0.33,0.744,0.12,condominium,,,no,no,yes,no,no,2600
731fa34ad33ec52b51b9284fb39f51db,gdynia,apartmentBuilding,100.0,3.0,4.0,6.0,2020.0,54.52296,18.54498,0.42,31.0,0.255,1.396,0.471,0.539,0.15,0.06,0.155,condominium,brick,,no,no,yes,yes,no,5550
b952f22723d8070fdc1c943a21dad266,warszawa,blockOfFlats,49.37,3.0,5.0,5.0,2020.0,52.1989,20.95181,5.07,11.0,0.471,1.121,0.469,0.073,0.16,2.041,0.453,condominium,,,no,yes,yes,yes,no,4500
d144da248974ec033aed25e83839c586,warszawa,,62.0,2.0,3.0,4.0,,52.15016,21.02603,9.2,13.0,0.445,0.629,0.219,0.066,0.452,1.123,0.473,condominium,,,no,yes,no,yes,no,4200
6aef913c14ef0387d413fe877d18ddb9,warszawa,tenement,34.0,2.0,4.0,6.0,1906.0,52.2510482,21.0355783,3.06,41.0,0.115,0.769,0.282,0.107,0.011,0.509,0.193,condominium,brick,premium,no,no,yes,no,no,3200
05bfca2db90f11d85b285262b06e6765,warszawa,,72.0,3.0,2.0,2.0,,52.16669,21.1232,10.9,1.0,2.392,4.714,0.88,1.315,0.428,4.63,0.833,condominium,,,no,no,no,no,no,5500
7c2d4cd0aae5ffd7fc05e2467af120ec,warszawa,,75.0,3.0,5.0,5.0,,52.19413,21.06233,5.79,7.0,0.409,1.269,0.089,0.048,0.107,3.544,0.276,condominium,,,no,no,yes,no,no,8000
045ed9bba3e1e8ded21bb7c49ff4e70d,krakow,,36.0,2.0,2.0,4.0,2009.0,50.0732,19.92041,2.37,30.0,0.125,0.242,0.139,0.201,0.164,0.322,0.167,condominium,,,no,no,no,no,no,3000
dd47a50c996525d187eed90b98c2c15b,krakow,blockOfFlats,90.0,4.0,1.0,2.0,,50.02403575,19.93942625,3.48,1.0,0.389,0.501,0.631,0.638,0.642,2.374,0.836,condominium,brick,,yes,no,no,no,no,4000
480e2ededa8c014ed35ef111c1a62459,warszawa,tenement,37.0,2.0,2.0,2.0,1945.0,52.26873575,20.97931035,4.44,40.0,0.274,0.238,0.221,0.14,0.052,0.726,0.2,condominium,brick,,no,no,no,no,no,2800
a99b91f9d8f3b041cad24e5deb4b55e3,warszawa,apartmentBuilding,94.0,3.0,4.0,6.0,,52.229918,21.0262528,1.56,35.0,0.19,0.41,0.269,0.605,0.211,0.369,0.389,condominium,brick,premium,yes,yes,yes,yes,no,14500
f72e621ae48f0ed810f81f83ad4dfc12,wroclaw,,48.0,3.0,4.0,4.0,,51.1116384,17.035006,0.38,136.0,0.221,0.273,0.183,0.087,0.029,0.39,0.161,condominium,,premium,no,yes,no,no,no,3500
a965606da71487e423a5fc3edf289154,krakow,apartmentBuilding,44.0,2.0,,5.0,2012.0,50.0408129,19.9396642,1.61,26.0,0.084,0.73,0.331,0.087,0.197,0.826,0.208,condominium,brick,,no,yes,no,no,yes,3000
e7e21e9623ad166c62d101312781b1d9,warszawa,,130.0,6.0,3.0,3.0,,52.18459,21.03321,5.62,2.0,0.39,0.613,0.646,0.534,0.488,2.205,0.597,condominium,,,no,yes,no,no,no,13500
4864e72d4cf0ea217962602715012787,lodz,,34.0,1.0,3.0,4.0,2021.0,51.7942,19.44745,1.5,17.0,0.102,0.725,0.185,0.189,0.09,1.029,0.273,condominium,,,no,no,no,no,no,1818
f8f22cb4ada13e515134d904c0658a56,wroclaw,,69.74,3.0,1.0,3.0,2021.0,51.06821,16.97943,5.89,2.0,0.58,1.708,0.819,0.456,0.535,2.9,0.483,condominium,,,no,yes,no,no,no,3700
